King Gizzard & the Lizard Wizard;20250725
Hotline TNT;20250822
Deerhoof;20250630
Xiu Xiu;20250724
Cleveland;20250626
OK EG;20250626
Urulu;20250626
Nathan Melja;20250626
Lawrence Le Doux;20250626
oma totem;20250626
Spray;20250626
Maara;20250626
Volodymyr Gnatenko;20250626
Leah Senior;20250701
Dr Sure’s Unusual Practice;20250703
David Bridie;20250731
Neil Young;20220126
Joni Mitchell;20220128
Nils Lofgren;20220129
India.Arie;20220201
David Crosby;20220202
Stephen Stills;20220202
Graham Nash;20220202
Crosby, Stills, Nash & Young;20220202
Chad VanGaalen;20250726
Sunnsetter;20250728
Laura Burhenn;20250624
Fiver;20250711
The Highest Order;20250711
Cindy Lee;20250731
The Mynabirds;20250701
WU LYF;20250827
Kadhja Bonet;20250909
Young Widows;20250907
Afrocop;20250903
Ben Urv-Wong;20250903
Casey Rosebridge;20250903
Christopher Icasiano;20250903
DJ Roxy Music;20250903
Elias Hampton;20250903
Fantasy A;20250903
ff00ff;20250903
Gretta Seabird;20250903
IQU;20250903
Jesse Gallaway;20250903
Jesse Moneyhun;20250903
Josh Hou;20250903
Jovino Santos Neto;20250903
Kaley Lane Eaton;20250903
Wiseacre;20250903
Kevin Sur;20250903
Lada Laika;20250903
Leanna Keith;20250903
Levi Fuller;20250903
Lilacseason;20250903
Mt Fog;20250903
Nathan Womack;20250903
Noel Brass Jr.;20250903
Oliver Elf Army;20250903
Select Level;20250903
Sea of Leaves;20250903
Sockpuppet;20250903
Summer Sleeves;20250903
Stargazr;20250903
Tim Van Buren;20250903
Feed LA;20250707
Gel-Sol;20250707
Grandbaby;20250707
VuVuVu;20250707
Steven Severin;20250903
Zoe Boekbinder;20250903
Kaya Clifford;20250903
Tiki Taane;20250906
Of The Sun;20250716
A-TRAIN OF THOUGHT;20250726
Crippled Black Phoenix;20230725
Bloomy Meadows;20250722
Elliott Sharp;20250212
LauLau;20250826
Joey Gavin;20250730
Chanele McGuinness;20250729
Jon Wilks;20250727
Lunatraktors;20250806
Ya Tseen;20250903
Mr. Loco;20250203
Failure;20220201
Jae Pryce;20250228
Blue December;20250703
sheffdan;20250907
Adam Harding;20250908
James Dixon;20250729
Lolo Lovina;20250704
Charli Kornblum;20250731
Velvet Jesus;20250714
Summer de Vries;20250720
Madeline Leman;20250709
Detroit Rebellion;20231127
Jey Lowfield;20250916
Goblin Band;20250704
soFa;20250705
Olivia K & The Parkers;20250802
Deaf Lingo;20250715
Jack Kearns;20250715
J9;20250807
Mobius Loop;20250815
Dries Geusens;20250704
being anne;20250911
Chuck SJ;20250807
MÅHŮ;20250901
Mel Ross;20250702
Hexana;20250802
Harbiter;20250912
Finte;20250720
Iliour Griften;20250723
Makely Ka;20220127
Leonardo Giuliani;20250731
Sara Velardo;20250702
Scott of the Andes;20250705
Digiuno;20250704
